Q. Op. Sim.,Energy(algoritmo),hiperrraio,Sigma +,Sigma -,Energ. DFT,First Ene.,Bom(0) Ruim(1)
6,-0.055239066802,34.052437417338,0.000000519240559,-0.31527305,-19281.6840136507,-19281.683591495592,0
2,-0.054881664151,36.207330684091,0.002215606979,-0.3540874703,-19281.6831847391,-19281.677256565163,0
8,-0.054388355471,42.488292352246,0.000002192795264,-0.4480163977,-19281.6822896653,-19281.681994483886,0
4,-0.052999083672,34.108175708844,0.1907931021,-0.1439184462,-19281.6838670735,-19281.679777590274,1
2,-0.052781987828,38.324765014682,0.008000376502,-0.4142529925,-19281.6840036671,-19281.678140834836,0
4,-0.05266281973,38.431960115603,0.00254721555,-0.423357065,-19281.6792116926,-19281.678594457815,0
2,-0.052364687354,39.512191776837,0.04950356342,-0.3859418783,-19281.6780114994,-19281.677256565163,1
2,-0.052333432371,40.832577214508,0.5151662837E-01,-0.3587089967E+00,-19281.6840260703,-19281.67741508,1
2,-0.052301428538,44.042538763049,0.0626479628,-0.5663412497,-19281.684023751,-19281.677529286499,0
